"0","matrix = cor(qc3[c(""c1"",""c2"",""c3"",""c4"")])"
"0","matrix"
"1","  "
"1","         c1"
"1","         c2"
"1","         c3"
"1","        c4"
"1","
c1"
"1"," 1.00000000"
"1"," 0.07007664"
"1"," 0.87506839"
"1"," 0.5834193"
"1","
c2"
"1"," 0.07007664"
"1"," 1.00000000"
"1"," 0.06178613"
"1"," 0.1156441"
"1","
c3"
"1"," 0.87506839"
"1"," 0.06178613"
"1"," 1.00000000"
"1"," 0.5393502"
"1","
c4"
"1"," 0.58341933"
"1"," 0.11564405"
"1"," 0.53935020"
"1"," 1.0000000"
"1","
"
